{
    "id": "cfiles",
    "name": "Files",
    "description": "Enhance your network with a file management system",
    "keywords": [
        "files",
        "docs",
        "structure",
        "organisation",
        "sharing"
    ],
    "version": "0.15.0",
    "humhub": {
        "minVersion": "1.12"
    },
    "homepage": "https://github.com/humhub/cfiles",
    "authors": [
        {
            "name": "Sebastian Stumpf"
        },
        {
            "name": "Lucas Bartholemy"
        },
        {
            "name": "Julian Harrer"
        }

    ],
    "screenshots": [
        "assets/screen1.PNG",
        "assets/screen2.PNG",
        "assets/screen3.PNG",
        "assets/screen4.PNG",
        "assets/screen5.PNG",
        "assets/screen6.PNG"
    ]
}
