{
    "id": "wiki",
    "name": "Wiki",
    "description": "Collect and share information with your very own Wiki.",
    "keywords": ["wiki"],
    "version": "1.8.0",
    "humhub": {
        "minVersion": "1.12"
    },
    "homepage": "https://github.com/humhub/wiki",
    "authors": [
        {
            "name": "Andreas Strobel"
        },
        {
            "name": "Lucas Bartholemy"
        },
        {
            "name": "Julian Harrer"
        }
    ],
    "screenshots": [
        "assets/screen1.PNG", 
        "assets/screen2.PNG", 
        "assets/screen3.PNG",
        "assets/screen4.PNG",
        "assets/screen5.PNG",
        "assets/screen6.PNG",
        "assets/screen7.PNG"
    ]
}
